uav_id,target_count,target_sequence,time,max_time,reward,expected_reward,risk_cost,survival,energy,feasible
UAV-01,4,22->33->59->4,30.153082,40.0,31.01448,2.271693,23.598049,0.0,104.612329,True
UAV-02,7,1->7->16->42->44->75->91,34.620243,35.0,21.36517,4.925428,7.104251,0.0008216,119.319448,True
UAV-03,5,58->39->37->87->55,44.60576,60.0,86.11686,0.106937,24.540655,0.0,114.064589,True
UAV-04,11,119->150->93->205->215->314->326->300->287->268->266,119.969238,120.0,263.36221,0.699747,35.347385,0.0,217.066723,True
UAV-05,25,167->181->164->173->159->165->185->102->149->203->257->278->307->292->318->352->291->271->241->275->270->202->122->169->211,149.395861,150.0,1736.86555,78.509124,64.67277,0.0,210.229005,True
